{"minzoom":0,"maxzoom":9,"center":[-2.460938,5.965642,9.0],"bounds":[-3.260216,4.742667,1.199717,11.175009]}