{"minzoom":0,"maxzoom":8,"center":[-2.109375,6.314827,8.0],"bounds":[-3.260216,4.742667,1.199717,11.175009]}